il,ilce
İzmir,Aliağa
İzmir,Balçova
İzmir,Bayındır
İzmir,Bayraklı
İzmir,Bergama
İzmir,Beydağ
İzmir,Bornova
İzmir,Buca
İzmir,Çeşme
İzmir,Çiğli
İzmir,Dikili
İzmir,Foça
İzmir,Gaziemir
İzmir,Güzelbahçe
İzmir,Karabağlar
İzmir,Karaburun
İzmir,Karşıyaka
İzmir,Kemalpaşa
İzmir,Kınık
İzmir,Kiraz
İzmir,Konak
İzmir,Menderes
İzmir,Menemen
İzmir,Narlıdere
İzmir,Ödemiş
İzmir,Seferihisar
İzmir,Selçuk
İzmir,Tire
İzmir,Torbalı
İzmir,Urla
Manisa,Ahmetli
Manisa,Akhisar
Manisa,Alaşehir
Manisa,Demirci
Manisa,Gölmarmara
Manisa,Gördes
Manisa,Kırkağaç
Manisa,Köprübaşı
Manisa,Kula
Manisa,Salihli
Manisa,Sarıgöl
Manisa,Saruhanlı
Manisa,Selendi
Manisa,Soma
Manisa,Şehzadeler
Manisa,Turgutlu
Manisa,Yunusemre
Aydın,Efeler
Aydın,Bozdoğan
Aydın,Buharkent
Aydın,Çine
Aydın,Didim
Aydın,Germencik
Aydın,İncirliova
Aydın,Karacasu
Aydın,Karpuzlu
Aydın,Koçarlı
Aydın,Köşk
Aydın,Kuşadası
Aydın,Kuyucak
Aydın,Nazilli
Aydın,Söke
Aydın,Sultanhisar
Aydın,Yenipazar
Muğla,Bodrum
Muğla,Dalaman
Muğla,Datça
Muğla,Fethiye
Muğla,Kavaklıdere
Muğla,Köyceğiz
Muğla,Marmaris
Muğla,Menteşe
Muğla,Milas
Muğla,Ortaca
Muğla,Seydikemer
Muğla,Ula
Muğla,Yatağan
Denizli,Acıpayam
Denizli,Babadağ
Denizli,Baklan
Denizli,Bekilli
Denizli,Beyağaç
Denizli,Bozkurt
Denizli,Buldan
Denizli,Çal
Denizli,Çameli
Denizli,Çardak
Denizli,Çivril
Denizli,Güney
Denizli,Honaz
Denizli,Kale
Denizli,Merkezefendi
Denizli,Pamukkale
Denizli,Sarayköy
Denizli,Serinhisar
Denizli,Tavas
Balıkesir,Altıeylül
Balıkesir,Ayvalık
Balıkesir,Balya
Balıkesir,Bandırma
Balıkesir,Bigadiç
Balıkesir,Burhaniye
Balıkesir,Dursunbey
Balıkesir,Edremit
Balıkesir,Erdek
Balıkesir,Gömeç
Balıkesir,Gönen
Balıkesir,Havran
Balıkesir,İvrindi
Balıkesir,Karesi
Balıkesir,Kepsut
Balıkesir,Manyas
Balıkesir,Marmara
Balıkesir,Savaştepe
Balıkesir,Sındırgı
Balıkesir,Susurluk
Çanakkale,Merkez
Çanakkale,Ayvacık
Çanakkale,Bayramiç
Çanakkale,Biga
Çanakkale,Bozcaada
Çanakkale,Çan
Çanakkale,Eceabat
Çanakkale,Ezine
Çanakkale,Gelibolu
Çanakkale,Gökçeada
Çanakkale,Lapseki
Çanakkale,Yenice
Uşak,Merkez
Uşak,Banaz
Uşak,Eşme
Uşak,Karahallı
Uşak,Sivaslı
Uşak,Ulubey
