musteri_kodu,unvan,sehir,ilce,durum
M0000003,KARDEŞLER YEM-CEM ERMAN GÜNGEN (M.KEMALPAŞA/BURSA),BURSA,MUSTAFAKEMALPAŞA,Aktif
M0000011,ZAFER AV BAYİİ-SEVİL SEVİM (MERKEZ/BİLECİK),BİLECİK,MERKEZ,Aktif
M0000014,MUSTAFA DUMAN (İNEGÖL/BURSA),BURSA,İNEGÖL,Aktif
M0000026,GÜLSE&LİYA SETBAŞI PETSHOP-SALİH USLU (YILDIRIM/BURSA),BURSA,YILDIRIM,Aktif
100000297,FERIHA SENGÜL,ANTALYA,MANAVGAT,Pasif
100000298,BURAK SARIGIL,ANTALYA,MURATPAŞA,Pasif
100000299,KARAKAS SÜT HAYVANCILIK SANAYI VE TICARET LIMITED SIRKETI,ANTALYA,KORKUTELİ,Pasif
100000300,SENOL YAVLAK,ANTALYA,DÖŞEMEALTI,Pasif
100000301,RÜYA AKTAS,ANTALYA,MURATPAŞA,Pasif
100000302,ILKER DOGAN,ANTALYA,MURATPAŞA,Pasif
100000303,MERT EKER ,ANTALYA,KONYAALTI,Pasif
100000304,MUSTAFA ORDU,ANTALYA,ELMALI,Pasif
100000305,HAVA DINCAY,ANTALYA,KORKUTELİ,Pasif
100000306,YASIN UZKURT,ANTALYA,MURATPAŞA,Pasif
100000307,DÖSEMEALTI TARIM NAKLIYAT INS MALZ SAN TIC LTD STI,ANTALYA,DÖŞEMEALTI,Pasif
100000308,AYSEGÜL KARACAN,ANTALYA,MURATPAŞA,Pasif
100000309,MEHMET AKDEMIR,ANTALYA,MURATPAŞA,Pasif
100000310,SERAP GARIPOGLU,ANTALYA,MANAVGAT,Pasif
100000311,ALI ÇETINKAYA,ANTALYA,ALANYA,Pasif
100000312,ERCAN SARIKAYA,ANTALYA,ALANYA,Pasif
100000313,MELIH RASIM CAN,ANTALYA,ALANYA,Pasif
100000314,ÖZNUR SIMSEK,ANTALYA,MURATPAŞA,Pasif
100000315,ORTASLAR GRUP SAGLIK ITH IHR LTD STI,ANTALYA,MURATPAŞA,Pasif
100000316,MURAT MANAV,ANTALYA,MANAVGAT,Pasif
100000317,RECEP BURAK AKSÖZ,ANTALYA,MANAVGAT,Pasif
100000318,SINAN MALGACA,ANTALYA,ELMALI,Aktif
100000319,KASIM BOZDOGAN,ANTALYA,,Pasif
100000320,ALI YALÇINKAYA,ANTALYA,SERİK,Pasif
100000321,TEVFIK VURAL,ANTALYA,SERİK,Pasif
100000322,HASAN ILKER YALÇIN,ANTALYA,,Pasif
100000323,YAVUZ OTLU,ANTALYA,ELMALI,Pasif
100000324,ÖZLEM TOPÇU,ANTALYA,MURATPAŞA,Pasif
100000325,SINERJI VETERINER KLINIGI IBRAHIM ÇAGLAR VE ORTAKLARI,ANTALYA,DÖŞEMEALTI,Pasif
100000326,SERAY OGUR,ANTALYA,KONYAALTI,Pasif
100000327,BARIS SAV,ANTALYA,MURATPAŞA,Pasif
100000328,ALI DEDE,ANTALYA,,Pasif
100000329,HAKAN ERDİNÇ,ANTALYA,KONYAALTI,Pasif
100000330,KEMAL TINAS,ANTALYA,MURATPAŞA,Pasif
100000331,SERKAN ÇEVİK,ANTALYA,MURATPAŞA,Pasif
100000332,MURAT YILDIZ,ANTALYA,,Pasif
100000333,KEZİBAN COPKUR,ANTALYA,KORKUTELİ,Pasif
100000334,DENİZ ARSLAN,ANTALYA,KONYAALTI,Pasif
100000335,SÜLEYMAN KORKMAZ,ANTALYA,,Pasif
100000336,AKIN ÇETİN,ANTALYA,KONYAALTI,Pasif
100000337,ÇİMEN TAŞKIN,ANTALYA,KONYAALTI,Pasif
100000338,AYKUT KIZMAZ,ANTALYA,MANAVGAT,Pasif
100000339,EFEOĞLU GRUP TAR.ÜRNPAZ.TUR.GIDA HAY.İNŞSAN. VE TİC.LTD.ŞTİ.,ANTALYA,KUMLUCA,Pasif
100000397,BURYEM BURDUR YEM SANAYI VE TICARET AS,BURDUR,MERKEZ,Pasif
100000398,MUSTAFA SEZER,BURDUR,MERKEZ,Pasif
100000399,GÖRKEM KAHRAMAN,BURDUR,MERKEZ,Pasif
100000440,BEYLER TAR. VE HAYVANCILIK ÜR INS MALZ NAK SAN TIC LTD STI,ISPARTA,MERKEZ,İptal
100001001,ÖZEL MÜŞTERİLER,ANKARA,,İptal
100001005,ŞEBİNKARAHİSAR DOĞAYI VE HAYVANLARI KORUMA DERNEĞİ,GİRESUN,ŞEBİNKARAHİSAR,Pasif
100001020,CEMAL TOMBUL - SİMAV VETERİNER,KÜTAHYA,SİMAV,Pasif
100001030,YASİN UZKURT,ANTALYA,MURATPAŞA,Pasif
100001031,SAFKAN KEDİ KULÜBÜ LTD. ŞTİ.,ANTALYA,KEPEZ,Pasif
100001077,ARCA PETSHOP,ANKARA,GÖLBAŞI,Aktif
100001076,PETHEKİM VET / Canip Gürcan,ANKARA,ETİMESGUT,Aktif
022399,YAVUZHAN BAHÇIVAN  PATİ PETSHOP POLATLI,ANKARA,POLATLI,Aktif
100001054,BULVAR PETSHOP,İSTANBUL,PENDİK,Aktif
100001055,ARKADIŞINIZ PETSHOP,İSTANBUL,BEYLİKDÜZÜ,Aktif
100001056,İSTİNYE PETSHOP,İSTANBUL,,İptal
100001057,ORTAKLAR PETSHOP ÜRÜNLERİ VE TİCARET LİMİTED ŞİRKETİ,İSTANBUL,ŞİŞLİ,Aktif
100001058,NAİR MADENDERE / DEDENİN YERİ,İSTANBUL,GAZİOSMANPAŞA,Aktif
100001059,HARBİYE VETERİNER KLİNİĞİ/HARBİYE VETERİNER,İSTANBUL,ŞİŞLİ,Aktif
100001060,İSTİNYE PETSHOP,İSTANBUL,,İptal
100001061,İSTİNYE PETSHOP2,İSTANBUL,,İptal
100001062,İSTİNYE PETSHOP,İSTANBUL,SARIYER,Aktif
100001064,YARIMCA PETSHOP/GÜLSEN UPRAK,KOCAELİ,KÖRFEZ,Aktif
100001065,CATZ AND DOGZ PETLAND,İSTANBUL,SARIYER,Aktif
100001071,HARİKA PATİLER İNTERNET HİZMETLERİ / BATUR ÇETİNKAYA,İSTANBUL,KARTAL,Aktif
100001074,SİHİRLİ PET MAĞAZACILIK İNŞAAT VE OTOMOTİV TİC. LTD. ŞTİ. ,İSTANBUL,ÇEKMEKÖY,Aktif
100001075,BEETHOVEN VETERİNER KLİNİĞİ / ÖMER CASİM,İSTANBUL,GÜNGÖREN,Aktif
100001078,EVCİL İHTİYAÇLARI PETSHOP / AYŞEGÜL KUBİLAY ,İSTANBUL,ATAŞEHİR,Aktif
100001079,VİP  PETSHOP / İSMAİL GÜRKAN ,İSTANBUL,SİLİVRİ,Aktif
100001082,ADANA GÜZELYALI VETERİNER KLİNİĞİ ,ADANA,ÇUKUROVA,Aktif
100001109,EMRE ÖNDER,KONYA,SELÇUKLU,Aktif
100001121,PURRFECTPRO /TÜLAY ÖZKAN ,ANTALYA,MURATPAŞA,Aktif
100001141,CR AKINCI YAPI İNŞAAT VE MÜHENDİSLİK SANAYİ TİC. LTD. ŞİRKETİ,KONYA,KARATAY,Aktif
M0000210,VETERİNER HEKİM ÖZGÜR ÇABUK (KARACABEY/BURSA),BURSA,KARACABEY,Aktif
M0000284,PETOPPI PETSHOP-BARIŞ BAYRAKTAR (BURSA-NILUFER),BURSA,NİLÜFER,Aktif
M0000285,KLAS PETSHOP   (BURSA-INEGOL),BURSA,İNEGÖL,Aktif
M0000306,KUZEY PETSHOP-YAŞAR KORKMAZ (BURSA-OSMANGAZI),BURSA,OSMANGAZİ,Aktif
100000571,PATARA VETERİNER HİZMETLERİ NASUH KÜÇÜKOĞUL,ANTALYA,KAŞ,Pasif
100001169,SEMPATİ / VETERİNER KLİNİĞİ  ,ADANA,ÇUKUROVA,Aktif
100001175,M.ÖMER KOÇ,İSTANBUL,ÜSKÜDAR,Aktif
100001187,ÇGS ÇETİNKAYA GİYİM SAN. VE TİC A.Ş. ,ADANA,,Aktif
100001188,ÇGS ÇETİNKAYA GİYİM SAN. VE TİC A.Ş. ,ADANA,,Aktif
100001189,ÇGS ÇETİNKAYA GİYİM SAN. VE TİC A.Ş. ,MERSIN,,Aktif
100001190,ÇGS ÇETİNKAYA GİYİM SAN. VE TİC A.Ş. ,MERSIN,,Aktif
100001191,ÇGS ÇETİNKAYA GİYİM SAN. VE TİC A.Ş. ,MERSIN,,Aktif
100001192,ÇGS ÇETİNKAYA GİYİM SAN. VE TİC A.Ş. ,GAZİANTEP,,Aktif
100001230,TETİK YEM,BURSA,KARACABEY,Aktif
100001238,GÜVEN VETERİNER KLİNİĞİ,BURSA,MUSTAFAKEMALPAŞA,Aktif
M0000320,KARACA PETSHOP-EMRE AKRACA  (BURSA-NILUFER),BURSA,NİLÜFER,Aktif
M0000326,SELİN AKVARYUM KUS EVI (BURSA-YILDIRIM),BURSA,YILDIRIM,Aktif
M0000330,BALKAN PETSHOP (BURSA-NILUFER),BURSA,NİLÜFER,Aktif
M0000332,ÇALI PETSHOP (BURSA-NILUFER),BURSA,NİLÜFER,Aktif
M0000335,KORU VETERINER KLINIGI (BURSA-OSMANGAZI),BURSA,OSMANGAZİ,Aktif
M0000616,BULUT PET MARKET XXXL(TEPEBAŞI-ESKİŞEHİR),ESKİŞEHİR,TEPEBAŞI,Aktif
M0000618,MR PET POINT (TEPEBAŞI-ESKİŞEHİR),ESKİŞEHİR,TEPEBAŞI,Aktif
M0000619,KRAL PETSHOP (TEPEBAŞI-ESKİŞEHİR),ESKİŞEHİR,TEPEBAŞI,Aktif
M0000620,PRENSES PETSHOP (ODUNPAZARI-ESKİŞEHİR),ESKİŞEHİR,ODUNPAZARI,Aktif
100000713,KLAS BIRD AKVARYUM VE KUŞ MALZEMELERİ ,ESKİŞEHİR,SARICAKAYA,Pasif
100000725,ARMA İLAÇ SANAYİ VE TİCARET ANONİM ŞİRKETİ,ANKARA,SİNCAN,Aktif
100000756,KUZEYDEN ZİRVE GIDA DAĞITIM PAZARLAMA SANAYİ VE TİCARET LTD.,İSTANBUL,SULTANBEYLİ,Pasif
100000906,TEDDY DOG PARADISE AND LOJİSTİK LİMİTED ŞİRKETİ,İSTANBUL,SİLİVRİ,Pasif
100000944,ELA ÜNLÜER,GİRESUN,ŞEBİNKARAHİSAR,Pasif
100000975,ÖZGÜR VETERİNERLİK GIDA TARIM HAYVANCILIK SÜT VE SÜT ÜRN. NAKLİYAT ORM. ÜRN. YEM ARICILIK TİC. LTD. ŞTİ,BURSA,İNEGÖL,Pasif
